{"cameraMode":{"drawMode":0,"name":"Shaded","section":"Shading Mode"},"sceneLighting":false,"audioPlay":false,"sceneViewState":{"showFog":true,"showMaterialUpdate":false,"showSkybox":false,"showFlares":true,"showImageEffects":true,"showParticleSystems":true},"in2DMode":false,"pivot":{"x":-1.7881393432617188e-7,"y":2.5048890113830568,"z":29.550844192504884},"rotation":{"x":-0.02366703189909458,"y":-0.1653921753168106,"z":-0.003970155958086252,"w":0.9859369397163391},"size":10.412353515625,"orthographic":true}