{"cameraMode":{"drawMode":0,"name":"Shaded","section":"Shading Mode"},"sceneLighting":false,"audioPlay":false,"sceneViewState":{"showFog":true,"showMaterialUpdate":false,"showSkybox":false,"showFlares":true,"showImageEffects":true,"showParticleSystems":true},"in2DMode":false,"pivot":{"x":-14.999999046325684,"y":1.0264344215393067,"z":29.88824462890625},"rotation":{"x":-0.006407624576240778,"y":-0.7021840810775757,"z":-0.00631982646882534,"w":0.7119388580322266},"size":6.698662757873535,"orthographic":true}