{"cameraMode":{"drawMode":0,"name":"Shaded","section":"Shading Mode"},"sceneLighting":true,"audioPlay":false,"sceneViewState":{"showFog":true,"showMaterialUpdate":false,"showSkybox":true,"showFlares":true,"showImageEffects":true,"showParticleSystems":true},"in2DMode":false,"pivot":{"x":-7.9913716316223148,"y":-31.658796310424806,"z":39.709381103515628},"rotation":{"x":-0.3389720916748047,"y":-0.01946559175848961,"z":0.007014232687652111,"w":-0.9405807256698608},"size":61.426719665527347,"orthographic":false}